{"cameraMode":{"drawMode":0,"name":"Shaded","section":"Shading Mode"},"sceneLighting":false,"audioPlay":false,"sceneViewState":{"m_AlwaysRefresh":false,"showFog":true,"showSkybox":false,"showFlares":true,"showImageEffects":true,"showParticleSystems":true,"showVisualEffectGraphs":true,"m_FxEnabled":true},"in2DMode":false,"pivot":{"x":0.016914669424295427,"y":0.05010727047920227,"z":-0.044876545667648318},"rotation":{"x":0.37299278378486636,"y":0.3484244644641876,"z":-0.15358838438987733,"w":0.8461131453514099},"size":0.0707106739282608,"orthographic":false}