{"cameraMode":{"drawMode":0,"name":"Shaded","section":"Shading Mode"},"sceneLighting":true,"audioPlay":false,"sceneViewState":{"m_AlwaysRefresh":false,"showFog":true,"showSkybox":true,"showFlares":true,"showImageEffects":true,"showParticleSystems":true,"showVisualEffectGraphs":true,"m_FxEnabled":true},"in2DMode":false,"pivot":{"x":4.151368618011475,"y":-0.05022682994604111,"z":1.888824462890625},"rotation":{"x":-0.053297027945518497,"y":-0.9149787425994873,"z":-0.1287512332201004,"w":0.37870270013809206},"size":0.009631550870835781,"orthographic":false}