{"cameraMode":{"drawMode":0,"name":"Shaded","section":"Shading Mode"},"sceneLighting":true,"audioPlay":false,"sceneViewState":{"m_AlwaysRefresh":false,"showFog":true,"showSkybox":true,"showFlares":true,"showImageEffects":true,"showParticleSystems":true,"showVisualEffectGraphs":true,"m_FxEnabled":true},"in2DMode":false,"pivot":{"x":-155.5570831298828,"y":112.33375549316406,"z":-141.5031280517578},"rotation":{"x":-0.10610547661781311,"y":-0.4333105981349945,"z":0.051461976021528247,"w":-0.8935109376907349},"size":0.07071499526500702,"orthographic":false}